groupId,groupName,rcId,rcName,capacityMinPerShift,shiftsPerDay,efficiencyPct,allowedOpTypes
РЦ-ТОКАР,Токарна група,16К20-1,Верстат 16К20 №1,480,2,100,Токарна
РЦ-ТОКАР,Токарна група,16К20-2,Верстат 16К20 №2,480,2,100,Токарна
РЦ-ФРЕЗЕР,Фрезерна група,6Р12-1,Верстат 6Р12 №1,480,2,100,Фрезерна
РЦ-ТЕРМО,Термічна група,СУО-1,Піч СУО №1,480,2,100,Термообробка
РЦ-ШЛІФ,Шліфувальна група,3Г71-1,Верстат 3Г71 №1,480,2,100,Шліфувальна
РЦ-СВЕРДЛ,Свердлильна група,2Н135-1,Верстат 2Н135 №1,480,2,100,Свердлильна
РЦ-ЗУБОДОЛ,Зубодовбальна група,5А140-1,Верстат 5А140 №1,480,2,100,Довбальна
РЦ-ВІСПРОБ,Випробувальна група,СТЕНД-01,Випробувальний стенд №1,480,2,100,Випробування
РЦ-СКЛАД,Складальна група,ASS-01,Складальний пост №1,480,2,100,Складання
